Item,# Snapshots,Latest Date,Latest Min,Rolling Avg (Min),Min Trend,ATH Min,ATL Min,,Last Updated
Abomination's Essence: Chest Armor,4,7/27/2026,"222,800","389,300",-59.9%,"555,800","222,800",,2026-08-08 10:50 ET
Abomination's Essence: Feet Armor,1,7/8/2026,"500,000","500,000",,"500,000","500,000",,
Abomination's Essence: Grand Targe,15,7/29/2026,"198,000","222,800",-60.4%,"845,000","198,000",,
Abomination's Essence: Hand Armor,8,7/27/2026,"200,000","500,000",-60.0%,"1,850,000","200,000",,
Abomination's Essence: Head Armor,6,7/29/2026,"1,500,000","1,500,000",0.0%,"1,850,000","200,000",,
Abomination's Essence: Large Shield,17,8/8/2026,"180,000","198,000",-9.1%,"845,000","55,799",,
Abomination's Essence: Leg Armor,17,7/29/2026,"495,000","885,000",-44.1%,"1,500,000","495,000",,
Abomination's Essence: Shield,8,7/27/2026,"495,000","1,500,000",-67.0%,"3,999,800","495,000",,
Abomination's Essence: Weapon,7,7/29/2026,"495,000","1,500,000",-67.0%,"1,850,000","495,000",,
Abyssal Shard Grade 1,17,7/29/2026,"131,402","104,104",26.2%,"275,000","99,000",,
Abyssal Shard Grade 2,20,8/7/2026,"396,701","396,701",-8.1%,"700,000","298,000",,
Abyssal Shard Grade 3,20,8/7/2026,"999,999","1,111,717",-30.0%,"2,100,000","999,999",,
Adamant Enchant Scroll,6,7/8/2026,"5,000","1,000,000",-99.5%,"2,222,222","5,000",,
Advance Enchant Scroll,24,8/7/2026,"2,000,000","1,400,000",96.4%,"5,000,000","325,000",,
Advent Enchant Scroll,25,8/8/2026,"14,500,000","14,431,526",0.5%,"23,333,333","9,000,000",,
Adversarial Enchant Scroll,26,8/8/2026,"9,589,999","12,000,000",-36.1%,"28,600,000","9,589,999",,
Aes Sidhe's Essence,1,7/4/2026,"1,250,000","1,250,000",,"1,250,000","1,250,000",,
Agonizing Enchant Scroll,3,6/21/2026,"25,000","5,000",400.0%,"25,000","5,000",,
Airtight Enchant Rune,3,7/29/2026,"29,999,999","29,000,000",25.0%,"29,999,999","19,000,000",,
Airtight Exquisite Enchant Rune,20,8/8/2026,"117,450,000","117,999,000",-0.5%,"119,999,000","95,000,000",,
Airtight Extraction Rune 1x,11,8/8/2026,"54,420,104","54,420,420",0.0%,"55,000,000","50,000,000",,
Airtight Unstable Enchant Rune (x1),3,7/29/2026,"14,444,440","14,444,440",-0.4%,"19,000,000","9,999,999",,
Amplified Enchant Scroll,23,8/8/2026,"10,000,000","22,500,000",-59.8%,"32,000,000","10,000,000",,
Ancient Element Shard,6,8/7/2026,"39,999","24,999",60.0%,"39,999","24,000",,
Ancient Elemental Accessory Shard,16,8/8/2026,"10,000","10,000",0.0%,"20,000","6,800",,
Ancient Elemental Armor Shard,13,7/29/2026,"10,000","10,000",47.2%,"15,000","6,200",,
Ancient Elemental Cloth Bundle,13,8/8/2026,"5,703","6,323",-9.9%,"7,763","5,703",,
Ancient Elemental Weapon Shard,14,8/8/2026,"6,844","7,261",-8.3%,"16,000","6,800",,
Ancient Enchant Scroll,25,8/8/2026,"4,500,000","5,000,000",-10.0%,"10,500,000","800,000",,
Ancient Erg Crystal,19,8/8/2026,"7,410","4,898",51.3%,"17,999","3,000",,
Ancient Lambent Powder,4,7/16/2026,"25,000","40,000",-37.5%,"40,000","25,000",,
Ancient Magic Stone,6,7/16/2026,"25,000","50,000",-50.0%,"59,999","25,000",,
Ancient Spirit Magic Powder,20,8/7/2026,"45,000","49,000",-13.5%,"120,000","44,800",,
Ancient Spirit Water,4,7/16/2026,"25,000","24,500",4.2%,"59,999","22,999",,
Ancient Succession,1,7/16/2026,"500,000","500,000",,"500,000","500,000",,
Ardor Enchant Scroll,15,8/7/2026,"500,000","250,000",150.0%,"500,000",500,,
Ardri's Essence,15,8/8/2026,"500,000","550,000",-23.1%,"5,000,000","100,000",,
Ardri's Essence: Chest Armor,20,8/8/2026,"1,198,799","1,199,800",-0.1%,"1,849,999","1,000,000",,
Ardri's Essence: Feet Armor,17,8/8/2026,"2,999,800","2,999,800",0.0%,"2,999,800","1,250,420",,
Ardri's Essence: Hand Armor,21,8/8/2026,"2,900,000","1,800,000",110.1%,"2,900,000","1,200,000",,
Ardri's Essence: Head Armor,14,8/7/2026,"1,199,997","1,199,997",0.0%,"1,800,000","1,100,000",,
Ardri's Essence: Leg Armor,21,8/7/2026,"2,900,000","1,290,000",141.7%,"3,999,999","1,000,000",,
Ardri's Essence: Weapon,21,8/8/2026,"1,199,998","1,199,998",0.0%,"1,999,800","119,832",,
Armadillo Enchant Scroll,3,7/22/2026,"1,250,000","50,000",3471.4%,"1,250,000","20,000",,
Armorsmithing Outfit Recipe Scroll: Black Hammer Armor (Female),1,8/7/2026,"9,999,999","9,999,999",,"9,999,999","9,999,999",,
Armorsmithing Outfit Recipe Scroll: Braha Armor (Male),1,8/7/2026,"399,999","399,999",,"399,999","399,999",,
Armorsmithing Outfit Recipe Scroll: Champion Armor (Female),1,8/7/2026,"3,749,999","3,749,999",,"3,749,999","3,749,999",,
Armorsmithing Outfit Recipe Scroll: Champion Armor (Male),1,8/7/2026,"999,999","999,999",,"999,999","999,999",,
Armorsmithing Outfit Recipe Scroll: Ingkells's Armor (Female),1,8/7/2026,"500,000","500,000",,"500,000","500,000",,
Armorsmithing Outfit Recipe Scroll: Ingkells's Armor (Male),1,8/7/2026,"1,000,000","1,000,000",,"1,000,000","1,000,000",,
Armorsmithing Outfit Recipe Scroll: Milletian Armor (Female),2,8/8/2026,"1,000,000","1,450,000",-47.4%,"1,900,000","1,000,000",,
Armorsmithing Outfit Recipe Scroll: Milletian Armor (Male),2,8/8/2026,"500,000","500,000",0.0%,"500,000","500,000",,
Armorsmithing Outfit Recipe Scroll: Orna Armor (Female),2,8/8/2026,"2,800,000","2,800,000",0.0%,"2,800,000","2,800,000",,
Armorsmithing Outfit Recipe Scroll: Orna Armor (Male),2,8/8/2026,"2,000,000","2,000,000",0.0%,"2,000,000","2,000,000",,
Armorsmithing Outfit Recipe Scroll: Passionate Debueruke (Male),1,8/7/2026,"25,000,000","25,000,000",,"25,000,000","25,000,000",,
Armorsmithing Outfit Recipe Scroll: Terminus Sentinel Armor (Female),1,8/7/2026,"3,999,800","3,999,800",,"3,999,800","3,999,800",,
Armorsmithing Outfit Recipe Scroll: Terminus Sentinel Armor (Male),1,8/7/2026,"3,500,000","3,500,000",,"3,500,000","3,500,000",,
Armorsmithing Recipe Scroll: Eriu Chest Armor,1,8/7/2026,"4,999,800","4,999,800",,"4,999,800","4,999,800",,
Armorsmithing Recipe Scroll: Eriu Hand Armor,2,8/8/2026,"15,000,000","15,000,000",0.0%,"15,000,000","15,000,000",,
Armorsmithing Recipe Scroll: Eriu Head Armor,2,8/8/2026,"4,999,999","4,999,999",0.0%,"4,999,999","4,999,999",,
Armorsmithing Recipe Scroll: Eriu Leg Armor,2,8/8/2026,"10,000,000","10,000,000",0.0%,"10,000,000","10,000,000",,
Armorsmithing Recipe Scroll: Eriu Shields Grand Targe,1,8/7/2026,"4,000,000","4,000,000",,"4,000,000","4,000,000",,
Armorsmithing Recipe Scroll: Uaithne Feet Armor,1,8/8/2026,"300,000","300,000",,"300,000","300,000",,
Armorsmithing Recipe Scroll: Uaithne Head Armor,1,8/8/2026,"25,000,800","25,000,800",,"25,000,800","25,000,800",,
Artisan's Refined Flask,20,8/7/2026,"52,356","13,000",302.7%,"999,997","3,000",,
Artisan's Sturdy Flask,19,8/7/2026,"375,000","31,000",1109.7%,"412,422","6,399",,
Astera's Essence: Chest Armor,19,8/8/2026,"1,000,000","444,800",124.8%,"1,800,000","150,000",,
Astera's Essence: Feet Armor,19,8/7/2026,"2,999,800","2,999,800",0.0%,"5,000,000","450,000",,
Astera's Essence: Hand Armor,7,7/16/2026,"440,800","2,000,000",-78.0%,"2,000,000","250,000",,
Astera's Essence: Head Armor,15,8/7/2026,"2,900,000","500,000",480.0%,"4,000,000","300,000",,
Astera's Essence: Leg Armor,16,8/7/2026,"2,600,000","500,000",420.0%,"2,999,800","40,000",,
Astera's Essence: Weapon,21,8/8/2026,"1,000,000","1,000,000",132.6%,"1,332,800","200,000",,
Barrier Enchant Scroll,17,8/8/2026,500,"99,999",-99.5%,"9,999,500",500,,
Berserker Enchant Scroll,20,8/8/2026,"999,999","2,500,000",-60.0%,"5,000,000","19,999",,
Blessed Magic Elixir,24,8/7/2026,"45,000","44,601",0.9%,"48,800","28,000",,
Blessed Magic Powder,18,8/8/2026,900,495,81.8%,"4,999",384,,
Bloodlust Enchant Scroll,14,8/7/2026,"3,999,999","3,999,999",100.0%,"5,555,555","48,000",,
Blue Kitty Brooch,21,8/8/2026,"850,000","850,000",-23.6%,"2,222,100","100,000",,
Blue Kitty Necklace,21,8/8/2026,"300,000","300,000",0.0%,"999,000","41,500",,
Blue Pigment (Apprentice),10,8/8/2026,"8,986","13,004",-32.6%,"29,200","8,986",,
Blue Pigment (Beginner),11,8/8/2026,"25,000","15,012",81.7%,"42,222","5,880",,
Blue Pigment (Jlourneyman),11,8/8/2026,"9,900","10,000",-13.5%,"22,990","3,400",,
Blue Pigment (Professional),10,8/8/2026,"12,000","13,100",-8.4%,"19,999","7,779",,
Bountiful Enchant Scroll,27,8/7/2026,"32,000,000","34,000,000",-5.9%,"40,000,000","7,800,000",,
Bracelet Diamond,15,8/7/2026,500,"9,000",-94.4%,"15,000",500,,
Bracelet Emerald,17,8/8/2026,500,800,-37.5%,"21,355",500,,
Bracelet Ruby,17,8/8/2026,500,"7,000",-92.9%,"21,385",500,,
Bracelet Sapphire,17,8/8/2026,500,800,-37.5%,"20,000",500,,
Braha's Essence: Chest Armor,7,8/7/2026,"100,000","100,000",0.0%,"200,000","100,000",,
Braha's Essence: Feet Armor,2,7/29/2026,"495,000","495,000",0.0%,"495,000","495,000",,
Braha's Essence: Grand Targe,3,7/22/2026,"200,000","100,000",100.0%,"200,000","100,000",,
Braha's Essence: Hand Armor,5,7/27/2026,"100,000","100,000",0.0%,"200,000","100,000",,
Braha's Essence: Head Armor,1,6/9/2026,"150,000","150,000",,"150,000","150,000",,
Braha's Essence: Large Shield,10,7/29/2026,"207,000","200,000",3.5%,"2,000,000","200,000",,
Braha's Essence: Leg Armor,2,6/13/2026,"200,000","200,000",0.0%,"200,000","200,000",,
Braha's Essence: Shield,2,6/13/2026,"250,000","195,000",78.6%,"250,000","140,000",,
Braha's Essence: Weapon,5,6/23/2026,"5,000,000","5,000,000",0.0%,"5,000,000","5,000,000",,
Brave Enchant Scroll,6,7/29/2026,"1,250","5,000",-87.5%,"100,000","1,250",,
Bres's Moonlight Essence,21,8/7/2026,"4,399,880","4,900,000",-18.5%,"10,000,000","3,000,000",,
Bres's Shadow Essence,17,8/7/2026,"4,500,000","4,980,000",-10.0%,"10,000,000","3,299,900",,
Brilliant Kitty Necklace,20,8/8/2026,"28,950,000","29,000,000",-0.2%,"33,261,500","14,999,999",,
Brutal Enchant Scroll,26,8/8/2026,"350,503","676,767",-72.0%,"3,000,000","350,503",,
Calm Enchant Scroll,14,8/7/2026,"100,500","100,500",-9.9%,"5,000,000",100,,
Capture Enchant Scroll,19,8/8/2026,"555,500","499,999",455.5%,"1,000,000",500,,
Cessair's Essence,9,8/8/2026,"4,999,800","1,000,000",400.0%,"7,000,000","1,000,000",,
Challenging Enchant Scroll,5,7/29/2026,"25,000","40,000",-64.3%,"200,000","20,000",,
Chaos Enchant Scroll,6,7/29/2026,"1,250","45,000",-97.2%,"100,000","1,250",,
Chaotic Enchant Scroll,10,7/29/2026,"1,198,975","199,000",502.5%,"1,999,999","199,000",,
Character-Specific Hair Coupon,7,8/8/2026,"54,000,000","54,000,000",0.0%,"65,000,000","44,999,999",,
Charging Enchant Scroll,21,8/7/2026,"2,500,000","3,500,000",-28.6%,"5,000,000","300,000",,
Chaser's Enchant Scroll,27,8/8/2026,"25,000,000","980,000",2451.0%,"30,500,000","444,444",,
Clash Enchant Scroll,26,8/8/2026,"4,000,000","4,000,000",-20.0%,"6,999,999","1,324,844",,
Clear Additive (Apprentice),11,8/8/2026,"4,000","6,703",-59.2%,"25,000","3,500",,
Clear Additive (Beginner),11,8/8/2026,"4,500","9,900",-55.0%,"31,815","4,500",,
Clear Additive (Journeyman),11,8/8/2026,"1,800","2,880",-51.4%,"17,990","1,800",,
Clear Additive (Professional),11,8/8/2026,"5,000","5,000",0.0%,"8,800",900,,
Cloth,20,8/8/2026,"6,500","6,000",30.0%,"10,000","2,000",,
Complete Bracelet Diamond,19,8/7/2026,"9,598,000","9,000,000",6.6%,"14,000,000","7,500,000",,
Complete Bracelet Emerald,19,8/7/2026,"11,003,500","8,000,000",37.5%,"18,100,000","5,500,000",,
Complete Bracelet Ruby,20,8/8/2026,"3,300,000","3,350,000",-32.7%,"15,000,000","3,300,000",,
Complete Bracelet Sapphire,21,8/8/2026,"6,500,000","6,799,999",-16.4%,"9,500,000","4,000,000",,
Concentrated Enchant Scroll,23,8/8/2026,"5,000,000","4,000,000",25.0%,"14,999,999","900,000",,
Concerted Enchant Scroll,18,8/7/2026,"700,000","700,000",40.0%,"2,400,000","100,000",,
Consume Enchant Scroll,21,8/7/2026,"4,000,000","3,400,000",80.0%,"9,500,000","7,500",,
Conviction Enchant Scroll,16,8/7/2026,"1,000,000","211,500",372.8%,"8,888,888",500,,
Cool Enchant Scroll,25,8/7/2026,"398,765","450,000",-33.5%,"4,939,437","140,000",,
Copper Bracelet,20,8/8/2026,"30,000","29,000",3.4%,"40,000","20,000",,
Copper Ore,22,8/8/2026,"3,548","1,500",258.4%,"34,383",475,,
Courageous Enchant Scroll,1,6/15/2026,"2,200","2,200",,"2,200","2,200",,
Crescent Moon Announcement,2,7/27/2026,"45,000","61,500",-42.3%,"78,000","45,000",,
Crescent Moon Island Power Crystal,16,8/8/2026,"2,900","3,000",-3.3%,"24,000","2,900",,
Crescent Moonlight Ring,1,7/27/2026,"34,000","34,000",,"34,000","34,000",,
Cyclical Enchant Scroll,20,8/7/2026,"11,500,000","8,876,500",43.8%,"21,000,000","1,999,990",,
Damascus Steel,16,8/8/2026,"13,000","13,000",-7.1%,"20,000","2,500",,
Dash Enchant Scroll,20,8/7/2026,500,"177,500",-99.7%,"655,500",500,,
Deadly Enchant Scroll,3,7/4/2026,"4,000","4,000",77.8%,"4,000",500,,
Decisive Enchant Scroll,12,8/7/2026,"300,000","88,000",1100.0%,"300,000","5,000",,
Deific Devotion A Prophecy That Cannot Be Followed,9,8/8/2026,"3,800,000","3,999,999",-5.0%,"9,000,000","3,333,333",,
Deific Devotion Cavern of Enmity,4,7/16/2026,"2,700,000","2,799,999",-3.6%,"5,000,000","2,700,000",,
Deific Devotion Dialectic of Death,5,7/16/2026,"1,699,999","2,800,000",-39.3%,"4,000,000","1,699,999",,
Deific Devotion False Confession,5,7/29/2026,"9,999,999","4,700,000",117.4%,"88,888,888","3,999,999",,
Deific Devotion Forest of Abundance,8,8/8/2026,"88,888,888","4,444,440",1900.2%,"88,888,888","3,399,999",,
Deific Devotion Forgotten Altar,2,6/29/2026,"3,799,999","3,011,111",71.0%,"3,799,999","2,222,222",,
Deific Devotion Glutton's Banquet,4,7/8/2026,"3,500,000","4,075,000",-17.6%,"5,999,999","3,500,000",,
Deific Devotion Golden Tree Hill,4,8/8/2026,"11,111,111","9,499,950",23.5%,"11,111,111","8,000,000",,
Deific Devotion Grave of Swords,3,8/7/2026,"6,666,666","3,199,999",115.1%,"6,666,666","2,999,999",,
Deific Devotion Great Ministry,6,7/29/2026,"2,676,767","2,800,000",-10.8%,"4,350,000","2,500,000",,
Deific Devotion Royal Castle Topaz Hall,4,7/16/2026,"5,000,000","1,500,000",400.0%,"5,000,000","900,000",,
Deific Devotion Sidhe Palace,2,6/29/2026,"4,699,999","4,850,000",-6.0%,"5,000,000","4,699,999",,
Deific Devotion The One Who Protects the Altar,6,8/8/2026,"17,585,330","4,500,000",290.8%,"18,576,550","3,500,000",,
Deific Devotion The Sanctuary of Reconstruction,3,7/4/2026,"1,999,999","1,999,999",0.0%,"1,999,999","1,999,999",,
Deific Devotion The Winds of Lochlann,3,8/8/2026,"2,500,000","1,950,000",57.6%,"2,500,000","1,222,222",,
Deific Devotion Unjust Cathedral,8,8/8/2026,"4,390,000","4,500,000",-4.6%,"5,700,000","4,066,987",,
Deific Devotion Where Earth Meets Sky,7,8/7/2026,"4,988,293","4,100,000",29.3%,"4,988,293","3,757,610",,
Destructive Enchant Scroll,22,8/7/2026,"999,999","900,000",28.6%,"4,400,000","300,000",,
Diamond Enchant Scroll,6,8/7/2026,"100,000","50,000",300.0%,"100,000","10,000",,
Dignified Enchant Scroll,27,8/8/2026,"25,000,000","3,500,000",1215.8%,"25,000,000","350,000",,
Divine Punishment Enchant Scroll,5,8/7/2026,"450,000","450,000",-18.2%,"2,222,222","30,000",,
Dominance Enchant Scroll,2,8/7/2026,"20,000","11,100",809.1%,"20,000","2,200",,
Dullahan's Essence,3,8/8/2026,"500,000","500,000",5.8%,"500,000","444,800",,
Dullahan's Essence: Chest Armor,21,8/8/2026,"555,800","444,700",25.0%,"1,150,000","211,800",,
Dullahan's Essence: Feet Armor,16,7/29/2026,"100,000","200,000",-77.5%,"5,555,555","100,000",,
Dullahan's Essence: Grand Targe,21,8/8/2026,"555,800","555,800",25.1%,"1,333,800","100,000",,
Dullahan's Essence: Hand Armor,19,8/8/2026,"1,111,800","444,800",150.0%,"1,333,800","200,000",,
Dullahan's Essence: Head Armor,14,8/7/2026,"400,000","495,000",-20.0%,"2,999,800","390,000",,
Dullahan's Essence: Large Shield,20,8/7/2026,"100,000","221,000",-55.1%,"1,333,800","100,000",,
Dullahan's Essence: Leg Armor,23,8/8/2026,"350,000","350,000",-21.3%,"1,333,800","150,000",,
Dullahan's Essence: Shield,21,8/8/2026,"555,800","444,800",25.0%,"1,333,800","211,800",,
Dullahan's Essence: Weapon,11,7/11/2026,"1,119,500","2,499,999",-55.2%,"5,555,555","450,000",,
Ebony Cloth,4,6/29/2026,"1,000","1,000",0.0%,"1,000","1,000",,
Echoing Enchant Scroll,10,7/29/2026,"20,000","20,000",0.0%,"20,000","20,000",,
Element Shard,19,8/8/2026,"4,020","1,995",101.5%,"19,999",900,,
Element Stone,22,8/8/2026,"40,000","40,000",685.9%,"75,082","1,818",,
Element Stone Catalyst,21,8/8/2026,"15,000","14,999",7.1%,"25,351","6,666",,
Elemental Accessory Shard,13,8/8/2026,"3,135","3,135",-16.4%,"9,999",95,,
Elemental Armor Shard,12,8/8/2026,"2,336","4,700",-50.3%,"5,499","1,999",,
Elemental Cloth Bundle,13,8/8/2026,"6,500","6,500",18.2%,"7,000","4,000",,
Elemental Weapon Shard,12,8/8/2026,"2,497","2,497",0.0%,"5,400","2,300",,
Emmett's Essence,22,8/8/2026,"4,000,000","4,400,000",-10.0%,"8,989,898","3,000,000",,
Empowered Stone,18,8/7/2026,"2,845","2,999",-27.1%,"19,220",800,,
Emptiness Erg Crystal,20,8/8/2026,"3,995","4,990",-20.0%,"96,969","2,700",,
Empty Bottle,1,6/13/2026,100,100,,100,100,,
Enchant Scroll Scrap: Advance,23,8/8/2026,"799,997","800,000",-20.0%,"3,653,999","500,000",,
Enchant Scroll Scrap: Advent,23,8/8/2026,"9,500,000","9,000,000",5.6%,"17,000,000","7,500,000",,
Enchant Scroll Scrap: Adversarial,23,8/8/2026,"8,100,000","8,889,999",-29.6%,"22,222,222","8,100,000",,
Enchant Scroll Scrap: Amplified,18,8/8/2026,"10,000,000","12,300,000",-18.7%,"22,000,000","1,000,000",,
Enchant Scroll Scrap: Ancient,21,8/8/2026,"4,000,000","3,300,000",33.3%,"14,000,000","1,000,000",,
Enchant Scroll Scrap: Bountiful,22,8/8/2026,"19,975,000","19,975,000",-2.5%,"24,696,969","17,777,777",,
Enchant Scroll Scrap: Brutal,18,8/8/2026,"900,000","1,100,000",-18.2%,"5,000,000","200,000",,
Enchant Scroll Scrap: Calm,1,6/19/2026,"200,000","200,000",,"200,000","200,000",,
Enchant Scroll Scrap: Capture,5,7/4/2026,"500,000","500,000",0.0%,"500,000","100,000",,
Enchant Scroll Scrap: Charge,19,8/8/2026,"3,000,000","3,000,000",0.0%,"50,000,000","500,000",,
Enchant Scroll Scrap: Chaser's,23,8/8/2026,"1,900,000","1,000,820",89.8%,"2,082,221","600,000",,
Enchant Scroll Scrap: Clash,23,8/8/2026,"3,500,000","4,950,000",-29.3%,"16,999,999","1,300,000",,
Enchant Scroll Scrap: Concentrated,18,8/7/2026,"3,999,100","3,900,000",2.5%,"4,300,000","1,000,000",,
Enchant Scroll Scrap: Concerted,5,7/16/2026,"200,000","800,000",-75.0%,"800,000","200,000",,
Enchant Scroll Scrap: Consume,19,8/8/2026,"3,900,000","2,500,000",56.0%,"7,500,000","600,000",,
Enchant Scroll Scrap: Conviction,15,7/16/2026,"5,555,555","5,555,555",0.0%,"5,555,555","100,000",,
Enchant Scroll Scrap: Cool,23,8/8/2026,"499,999","499,999",-60.6%,"5,000,000","499,998",,
Enchant Scroll Scrap: Cyclical,17,8/8/2026,"9,950,000","9,950,000",42.1%,"45,555,555","5,300,000",,
Enchant Scroll Scrap: Destructive,22,8/8/2026,"999,999","1,000,000",-35.7%,"6,999,999","500,000",,
Enchant Scroll Scrap: Dignified,20,8/8/2026,"2,000,000","1,788,100",11.9%,"3,000,000","350,000",,
Enchant Scroll Scrap: Enmity,17,8/7/2026,"2,000,000","2,990,100",-43.7%,"5,000,000","1,250,000",,
Enchant Scroll Scrap: Escalating,21,8/8/2026,"18,888,880","17,000,000",11.1%,"21,111,100","12,000,000",,
Enchant Scroll Scrap: Eternal,23,8/8/2026,"14,000,000","13,500,000",3.7%,"19,000,000","1,999,999",,
Enchant Scroll Scrap: Executing,20,8/8/2026,"39,999,989","39,999,999",-0.7%,"60,000,000","29,499,999",,
Enchant Scroll Scrap: Fading,15,8/7/2026,"2,000,000","2,000,000",0.0%,"2,555,100","1,000,000",,
Enchant Scroll Scrap: Fate,17,8/7/2026,"129,454,545","150,000,000",-13.7%,"165,000,000","119,999,990",,
Enchant Scroll Scrap: Fighting Spirit,20,7/29/2026,"9,676,767","13,333,333",-27.4%,"16,999,999","888,881",,
Enchant Scroll Scrap: Forgotten,18,8/7/2026,"5,999,999","4,899,100",71.4%,"8,000,000","2,800,000",,
Enchant Scroll Scrap: Frenzy,15,7/29/2026,"2,000,000","1,799,999",33.3%,"4,000,000","2,000",,
Enchant Scroll Scrap: Fresh,4,7/4/2026,"20,000,000","20,000,000",0.0%,"20,000,000","20,000,000",,
Enchant Scroll Scrap: Heartless,2,8/8/2026,"50,000","50,000",0.0%,"50,000","50,000",,
Enchant Scroll Scrap: Hollow,21,8/8/2026,"19,989,900","19,989,900",0.0%,"40,000,000","18,000,000",,
Enchant Scroll Scrap: Impaling,20,8/7/2026,"800,000","1,990,000",-60.0%,"4,999,999","498,000",,
Enchant Scroll Scrap: Indomitable,17,7/27/2026,"7,399,999","7,399,999",0.0%,"16,666,666","4,750,000",,
Enchant Scroll Scrap: Instant,22,8/8/2026,"13,999,999","13,999,999",16.7%,"25,555,100","9,000,000",,
Enchant Scroll Scrap: Irate,22,8/8/2026,"5,900,699","5,900,699",28.3%,"9,999,999","1,990,000",,
Enchant Scroll Scrap: Lament,21,8/7/2026,"2,400,000","3,000,000",-20.0%,"4,999,999","999,999",,
Enchant Scroll Scrap: Madness,20,8/7/2026,"3,000,000","3,000,000",-25.0%,"5,350,000","2,000,000",,
Enchant Scroll Scrap: Meaningful,4,7/16/2026,"1,500,000","3,000,000",-50.0%,"3,000,000","1,500,000",,
Enchant Scroll Scrap: Mystic,19,8/8/2026,"39,000,090","40,000,000",-9.3%,"44,500,000","32,000,000",,
Enchant Scroll Scrap: Outburst,3,6/22/2026,"850,000","850,000",0.0%,"850,000","850,000",,
Enchant Scroll Scrap: Petrify,14,8/8/2026,"1,999,100","1,550,000",33.3%,"2,000,000","200,000",,
Enchant Scroll Scrap: Praise,23,8/8/2026,"21,900,000","21,999,999",-0.5%,"24,999,998","16,000,000",,
Enchant Scroll Scrap: Prophetic,20,8/8/2026,"3,500,000","4,000,000",-28.6%,"6,000,000","3,500,000",,
Enchant Scroll Scrap: Raging,18,8/8/2026,"600,000","1,000,000",-58.6%,"3,500,000","500,000",,
Enchant Scroll Scrap: Reflection,22,8/8/2026,"21,999,999","19,999,988",10.0%,"24,444,444","15,000,000",,
Enchant Scroll Scrap: Revenge,16,8/8/2026,"2,555,555","2,999,999",-36.1%,"11,000,000","750,000",,
Enchant Scroll Scrap: Righteous,1,7/2/2026,"100,000","100,000",,"100,000","100,000",,
Enchant Scroll Scrap: Sealed,13,8/8/2026,"5,555,555","5,555,555",0.0%,"5,555,555","5,555,555",,
Enchant Scroll Scrap: Shrewd,23,8/8/2026,"3,500,000","3,500,000",0.0%,"9,999,999","2,500,000",,
Enchant Scroll Scrap: Solitude,21,8/8/2026,"9,500,000","11,999,999",-20.8%,"16,950,000","6,000,000",,
Enchant Scroll Scrap: Sorrowful,21,8/8/2026,"2,400,000","2,400,000",14.3%,"4,999,999","1,250,000",,
Enchant Scroll Scrap: Soul,7,7/22/2026,"100,000","100,000",0.0%,"1,000,000","100,000",,
Enchant Scroll Scrap: Space Time,11,8/8/2026,"1,000,000","1,000,000",-47.4%,"3,000,000","10,000",,
Enchant Scroll Scrap: Steeping,5,8/8/2026,"25,000,000","25,000,000",-2.0%,"45,000,000","23,500,000",,
Enchant Scroll Scrap: Stern,20,8/8/2026,"6,000,000","6,000,000",20.0%,"14,999,999","2,100,000",,
Enchant Scroll Scrap: Stylish,22,8/8/2026,"11,000,000","10,000,000",10.0%,"18,999,999","7,943,100",,
Enchant Scroll Scrap: Subdued,20,8/8/2026,"4,444,444","5,555,555",-20.0%,"5,555,555","1,000,000",,
Enchant Scroll Scrap: Tempestuous,21,8/8/2026,"10,000,000","12,000,000",-16.7%,"19,800,000","4,999,999",,
Enchant Scroll Scrap: Tragic,21,8/8/2026,"22,000,000","19,000,000",15.8%,"39,000,000","18,666,666",,
Enchant Scroll Scrap: Transcendent,19,8/8/2026,"14,821,435","9,086,083",64.7%,"42,359,000","1,969,696",,
Enchant Scroll Scrap: Trial,20,8/7/2026,"24,999,999","15,000,000",73.1%,"24,999,999","11,500,000",,
Enchant Scroll Scrap: Twisted,14,7/11/2026,"6,666,666","8,000,000",-16.7%,"10,000,000","4,000,000",,
Enchant Scroll Scrap: Vehement,19,8/7/2026,"1,000,000","1,250,000",-20.0%,"3,000,000","398,999",,
Enchant Scroll Scrap: Veiled,21,8/8/2026,"15,800,000","14,444,444",21.8%,"42,155,555","10,000,000",,
Enchant Scroll Scrap: Victorious,22,8/8/2026,"5,000,000","6,700,000",-25.4%,"7,000,000","4,900,000",,
Enchant Scroll Scrap: Wandering,6,8/8/2026,"20,491,808","22,000,000",-25.6%,"53,899,999","20,491,808",,
Enchant Scroll Scrap: Wave,22,8/8/2026,"19,000,000","19,999,990",-5.0%,"28,000,000","16,969,696",,
Enchant Scroll Scrap: Weeping,18,8/8/2026,"5,555,555","5,555,555",0.0%,"5,555,555","4,000,000",,
Enchant Scroll Scrap: Withered,23,8/8/2026,"14,888,888","14,888,888",-11.9%,"19,999,999","7,500,000",,
Enduring Enchant Scroll,1,7/8/2026,"50,000","50,000",,"50,000","50,000",,
Enhanced New Era Cloth,23,8/7/2026,"66,000","55,501",22.4%,"66,000","32,267",,
Enhanced New Era Leather,24,8/8/2026,"31,795","31,795",-6.5%,"57,000","4,911",,
Enhanced New Era Orb,23,8/7/2026,"58,887","21,494",174.0%,"58,887","18,750",,
Enhanced New Era Ore,24,8/8/2026,"40,000","60,094",-36.1%,"72,700","34,990",,
Enhancement Elixir,16,8/8/2026,"1,694","2,090",-18.9%,"3,281",300,,
Enmity Enchant Scroll,26,8/8/2026,"1,800,000","1,800,000",-5.3%,"35,000,000","799,999",,
Enok's Essence,16,7/29/2026,"1,000,000","1,000,000",-60.0%,"3,999,800","1,000,000",,
Enthusiastic Enchant Scroll,17,8/8/2026,"200,000","200,000",0.0%,"5,555,555","50,000",,
Eriu Advancement Stone: Head Armor,18,8/8/2026,"66,666,666","66,666,666",0.0%,"66,666,666","66,666,666",,
Eriu Advancement Stone: Leg Armor,18,8/8/2026,"66,666,666","66,666,666",0.0%,"66,666,666","66,666,666",,
Eriu Advancement Stone: Weapon,17,8/8/2026,"40,000,000","40,000,000",0.0%,"99,999,999","33,999,999",,
Eriu Book,19,8/7/2026,"74,444,444","77,777,777",-4.3%,"222,222,222","59,500,000",,
Eriu Fragment: Auxiliary Equipment,23,8/8/2026,"12,000,000","10,975,000",33.3%,"12,880,519","4,999,999",,
Eriu Fragment: Chest Armor,23,8/8/2026,"2,500,000","2,280,000",12.5%,"4,955,555","2,100,000",,
Eriu Fragment: Hand Armor,4,8/8/2026,"6,400,000","5,625,414",26.7%,"6,400,000","4,493,216",,
Eriu Fragment: Head Armor,20,8/7/2026,"2,399,999","2,111,111",18.0%,"3,600,000","1,966,100",,
Eriu Fragment: Leg Armor,24,8/8/2026,"2,100,000","2,115,304",-0.7%,"3,699,999","1,999,999",,
Eriu Fragment: Roots of Abundance,23,8/8/2026,"7,999,999","9,000,000",-33.3%,"17,800,000","177,777",,
Eriu Fragment: Starlight Belt,23,8/8/2026,"14,200,000","14,300,000",-0.7%,"17,800,000","5,500,000",,
Eriu Fragment: Weapon,24,8/8/2026,"2,250,000","2,357,630",-20.6%,"4,790,000","2,200,000",,
Eriu Fragment: Yoke of Mortality,5,8/8/2026,"8,300,000","8,300,000",-33.1%,"19,888,887","7,500,000",,
Escalating Enchant Scroll,22,8/8/2026,"25,522,772","27,000,000",-8.8%,"37,000,000","23,500,000",,
Esras' Essence,6,8/8/2026,"12,000,000","12,300,000",-55.0%,"110,000,000","11,111,111",,
Eternal Enchant Scroll,22,7/29/2026,"22,400,000","22,400,000",31.8%,"60,000,000","15,223,913",,
Eternal Legacy,19,8/8/2026,"2,999,800","100,000",2899.8%,"2,999,800","45,000",,
Eternity Erg Crystal,17,8/7/2026,"20,000","15,579",28.4%,"65,000","4,999",,
Evil Monster's Leather Belt,2,6/27/2026,"500,000","750,000",-50.0%,"1,000,000","500,000",,
Executing Enchant Scroll,26,8/8/2026,"58,900,000","64,444,444",-11.4%,"99,000,000","54,000,000",,
Expeditionary Enchant Scroll,8,7/8/2026,"20,000","20,000",0.0%,"100,000","20,000",,
Exquisite Cloth,20,8/7/2026,"1,900","1,900",-5.0%,"23,900",599,,
Exquisite HP Potion,13,8/8/2026,"15,500","17,999",-13.9%,"22,220","15,498",,
Exquisite Iron Ore,19,8/8/2026,238,210,13.3%,"50,000",98,,
Fading Enchant Scroll,27,8/8/2026,"745,643","745,643",-6.8%,"10,000,000","99,999",,
Fallen One's Rhod Compass,20,8/8/2026,"69,000,000","68,110,000",1.3%,"85,000,000","60,000,000",,
Fallen One's Rusty Rhod Compass,22,8/8/2026,"28,888,000","29,878,000",-3.3%,"31,799,000","18,399,000",,
Fallen One's Shiny Rhod Compass,20,8/8/2026,"120,000,000","119,000,000",0.8%,"167,999,999","110,000,000",,
Fast Enchant Scroll,20,8/7/2026,"8,888,888","4,444,444",154.0%,"8,888,888","50,000",,
Fate Enchant Scroll,25,8/7/2026,"435,000,000","460,000,000",-7.4%,"590,000,000","379,000,000",,
Fear of the Divide,5,7/16/2026,"2,222,222","3,333,333",-42.9%,"5,000,000","2,222,222",,
Fighting Belt,18,8/8/2026,"9,778,225","16,008,225",-38.9%,"19,558,225","18,225",,
Fighting Spirit Enchant Scroll,24,8/8/2026,"32,000,000","20,000,000",60.0%,"32,000,000","16,000,000",,
Fine Bracelet Diamond,20,8/7/2026,"50,000","88,813",-43.7%,"190,000","8,888",,
Fine Bracelet Emerald,20,8/7/2026,"50,000","119,000",-58.0%,"299,999","20,000",,
Fine Bracelet Ruby,21,8/8/2026,"79,151","74,982",18.1%,"299,999","12,000",,
Fine Bracelet Sapphire,21,8/8/2026,"44,025","44,025",10.0%,"380,000","19,000",,
Fine Cloth,19,8/7/2026,500,800,-75.2%,"3,792",500,,
Fine Fobellow Tin,19,8/8/2026,"5,549","5,549",0.0%,"9,990","2,245",,
Fine HP Potion,12,8/8/2026,"1,100","1,100",-8.3%,"3,200","1,100",,
Fine Iron Ore,21,8/8/2026,"9,995","9,995",-9.1%,"25,000","2,116",,
Fire Spirit Remnant,18,8/7/2026,"2,399",779,208.0%,"34,990",300,,
Flask of Niflheim,22,8/7/2026,"2,220,000","1,999,999",11.0%,"2,427,824","100,000",,
Fleet Enchant Scroll,15,7/29/2026,500,"49,500",-99.5%,"149,500",500,,
Force Enchant Scroll,11,8/7/2026,"94,500","50,000",215.0%,"100,000","5,000",,
Forgotten Enchant Scroll,26,8/8/2026,"5,000,000","4,000,000",28.6%,"17,777,777","2,200,000",,
Fragrant Additive (Apprentice),10,8/8/2026,"26,900","15,000",79.3%,"37,990","1,200",,
Fragrant Additive (Beginner),11,8/8/2026,"5,800","6,300",-35.6%,"24,800","4,500",,
Fragrant Additive (Journeyman),11,8/8/2026,"9,900","9,900",-1.0%,"32,900","2,900",,
Fragrant Additive (Professional),10,8/8/2026,"8,088","9,169",-11.8%,"12,749",990,,
Frenzy Enchant Scroll,27,8/8/2026,"19,999,500","2,000,000",1150.0%,"25,000,000","500,000",,
Fresh Enchant Scroll,1,7/6/2026,"40,000,000","40,000,000",,"40,000,000","40,000,000",,
Godly Cloth,20,8/7/2026,"5,000","9,000",-46.2%,"71,000","1,000",,
Godly Iron Ore,20,8/8/2026,"19,202","4,000",1944.9%,"19,202",399,,
Goibhniu's Enhancement Stone,23,8/8/2026,"2,000,000","2,210,000",-10.0%,"2,777,777",400,,
Goibhniu's Stone+,23,8/8/2026,"5,000,000","5,556,999",-10.7%,"7,211,111","5,001",,
Gold,1,6/13/2026,1,1,,1,1,,
Gold Bracelet,22,8/8/2026,"23,500,000","23,500,000",11.9%,"24,000,000","15,000,000",,
Gold Ore,9,8/8/2026,"1,750","1,750",2400.0%,"1,890",10,,
Goldsmithing Recipe Scroll: Eriu Totem Focus,2,8/8/2026,"3,500,000","3,500,000",0.0%,"3,500,000","3,500,000",,
Goldsmithing Recipe Scroll: Eriu Weapon,1,8/7/2026,"4,800,000","4,800,000",,"4,800,000","4,800,000",,
Goldsmithing Recipe Scroll: Roots of Abundance,2,8/8/2026,"8,000,000","8,000,000",0.0%,"8,000,000","8,000,000",,
Goldsmithing Recipe Scroll: The Cursed Belt,2,8/8/2026,"3,999,800","3,999,800",0.0%,"3,999,800","3,999,800",,
Goldsmithing Recipe Scroll: The Sun's Wish,2,8/8/2026,"6,000,000","6,000,000",0.0%,"6,000,000","6,000,000",,
Goldsmithing Recipe Scroll: Token of Silence,2,8/8/2026,"5,000,000","5,000,000",0.0%,"5,000,000","5,000,000",,
Goldsmithing Recipe Scroll: Yoke of Mortality,2,8/8/2026,"12,000,000","16,000,000",-40.0%,"20,000,000","12,000,000",,
Gorbas' Essence,15,8/8/2026,"8,000,000","8,888,887",-10.0%,"13,899,999","4,000,000",,
Gray Twilight Brooch,20,8/8/2026,"24,000,000","19,000,000",26.3%,"24,000,000","16,969,696",,
Greater Bronze Lion Statue,21,8/8/2026,"3,000,000","1,360,000",172.7%,"3,000,000","300,000",,
Greater Mysterious Cat Statue,15,8/8/2026,"777,770","950,000",-18.1%,"27,580,000","777,770",,
Greater Succubus Fang,20,8/8/2026,"699,999","700,000",-30.0%,"2,000,000","199,999",,
Greater War Goddess Statue,12,7/27/2026,"400,000","400,000",0.0%,"1,000,000","149,999",,
Greater Werewolf Paw,4,8/8/2026,"1,999,999","3,649,999",-53.5%,"6,000,000","1,999,999",,
Grinding Enchant Scroll,8,8/7/2026,"500,000","45,000",1011.1%,"500,000","5,000",,
Healthy Enchant Scroll,12,7/16/2026,"100,000","199,999",-90.0%,"2,222,222","5,000",,
Heartless Enchant Scroll,19,8/7/2026,"100,000","100,000",1.0%,"6,666,666","1,000",,
Heavenly Leather,22,8/8/2026,"6,000","8,000",-25.0%,"22,000","6,000",,
Hoarfrost Hollow Erg Crystal,19,8/8/2026,"4,600","6,500",-32.2%,"17,499","4,500",,
Hollow Enchant Scroll,27,8/8/2026,"48,000,000","36,696,969",30.8%,"88,888,888","26,500,000",,
Ice Crystal,2,7/16/2026,"1,234,567","617,484",308541.8%,"1,234,567",400,,
Ice Spirit Remnant,8,8/7/2026,"1,200",777,54.4%,"2,190",600,,
Immoral Enchant Scroll,10,8/8/2026,"50,000","50,000",0.0%,"100,000","20,000",,
Impaling Enchant Scroll,24,8/8/2026,"499,500","700,000",-50.0%,"5,000,000","200,000",,
Impending Enchant Scroll,1,6/11/2026,"5,000","5,000",,"5,000","5,000",,
Indomitable Enchant Scroll,21,8/8/2026,"13,000,000","9,400,000",44.4%,"22,999,999","5,000,000",,
Infinite Enchant Scroll,15,8/8/2026,"1,000,000","1,000,000",0.0%,"5,000,000",500,,
Inherited Power: Fragments,21,8/8/2026,"13,000","10,855",30.2%,"13,304","5,709",,
Instant Enchant Scroll,25,8/8/2026,"19,000,000","19,000,000",-9.5%,"32,000,000","15,000,000",,
Intermediate Element Stone,22,8/8/2026,"380,000","299,000",27.1%,"492,038","199,001",,
Irate Enchant Scroll,25,8/7/2026,"6,800,000","6,500,000",13.3%,"12,222,222","2,200,000",,
Iron Ore,22,8/8/2026,"14,272","14,372",-0.9%,"31,046","6,995",,
Jardin Steel,23,8/8/2026,"27,000","27,000",0.0%,"56,647","2,101",,
Jarnir's Essence,19,8/7/2026,"4,400,000","6,900,000",-37.1%,"10,000,000","4,400,000",,
Judgment Enchant Scroll,8,6/29/2026,"4,444,444","4,444,444",0.0%,"9,999,500","20,000",,
Keen Eriu Crystal,23,8/7/2026,"1,549,000","800,000",93.6%,"1,549,000","648,353",,
Keen Legacy Shard,20,8/8/2026,"399,999","500,000",-33.3%,"1,000,000","200,000",,
Keen Legendary Chunk,13,7/27/2026,"200,000","1,999,800",-90.0%,"2,799,800","200,000",,
Keen Legendary Ore,18,8/7/2026,"1,999,800","1,999,800",11.1%,"5,000,000","299,000",,
Keen Succession Ore,21,8/8/2026,"499,999","499,999",0.0%,"1,799,000","320,000",,
Keen Succession Shard,4,7/29/2026,"495,000","495,000",0.0%,"500,000","244,444",,
Keen Uaithne Crystal,26,8/8/2026,"1,900,000","2,241,793",-22.8%,"3,630,000","1,800,000",,
Kitty Brooch,21,8/8/2026,"30,000","600,000",-96.2%,"1,111,200","1,200",,
Kitty Necklace,9,7/27/2026,"94,999","94,999",-80.6%,"990,000","41,500",,
Kobold Enchant Scroll,3,6/22/2026,500,"99,500",-99.5%,"99,500",500,,
Lambent Powder,13,8/7/2026,"3,333","3,000",122.2%,"4,994",755,,
Lament Enchant Scroll,26,8/8/2026,"2,200,000","2,900,000",-24.1%,"25,000,000","444,500",,
Leather Bracelet,6,7/27/2026,"15,000","3,000",400.0%,"150,000","3,000",,
Leopard's Enchant Scroll,3,7/22/2026,"1,000,000","2,222,222",-61.7%,"3,000,000","1,000,000",,
Life Erg Crystal,20,8/8/2026,"3,900","4,623",-22.0%,"7,108","3,900",,
Life Spirit Remnant,20,8/8/2026,"18,000","18,000",0.0%,"96,969","5,487",,
Light Erg Crystal,19,8/8/2026,"4,800","5,899",-26.1%,"27,000","4,800",,
Lightweight Eriu Crystal,23,8/7/2026,"819,999","775,000",18.1%,"900,000","430,000",,
Lightweight Legacy Shard,13,7/29/2026,"200,000","400,000",-60.0%,"2,500,000","200,000",,
Lightweight Legendary Chunk,20,8/8/2026,"1,999,800","1,333,800",49.9%,"1,999,800","200,000",,
Lightweight Legendary Ore,21,8/8/2026,"950,000","349,978",171.4%,"1,000,000","200,000",,
Lightweight Legendary Shard,8,8/8/2026,"1,000,000","200,000",400.0%,"8,999,999","50,000",,
Lightweight Succession Ore,22,8/8/2026,"1,000,000","940,000",80.2%,"2,800,800","400,000",,
Lightweight Succession Shard,10,8/8/2026,"1,987,654","444,800",346.9%,"1,987,654","200,000",,
Lightweight Uaithne Crystal,25,8/7/2026,"3,350,000","3,080,027",16.0%,"8,888,888","1,950,000",,
Lord's Glowing Obsidian Bracelet,15,8/7/2026,"533,333,333","556,000,000",-14.7%,"799,999,999","533,333,333",,
Lord's Obsidian Bracelet,13,8/8/2026,"409,000,000","405,000,000",7.3%,"600,000,000","375,000,000",,
Lord's Rusty Obsidian Bracelet,12,8/8/2026,"325,000,000","314,000,000",3.5%,"380,000,000","299,000,000",,
Lucian's Essence,23,8/8/2026,"4,100,000","4,100,000",-8.9%,"6,000,000","1,599,000",,
Lugh Lamhfada's Essence: Feet Armor,7,7/29/2026,"1,500,000","1,500,000",0.0%,"1,850,000","200,000",,
Lugh Lamhfada's Essence: Grand Targe,6,7/8/2026,"900,800","900,800",0.0%,"950,000","500,000",,
Lugh Lamhfada's Essence: Hand Armor,1,7/11/2026,"500,000","500,000",,"500,000","500,000",,
Lugh Lamhfada's Essence: Large Shield,1,7/29/2026,"100,000","100,000",,"100,000","100,000",,
Lugh Lamhfada's Essence: Leg Armor,4,6/22/2026,"400,000","450,000",-20.0%,"500,000","400,000",,
Lugh Lamhfada's Essence: Shield,2,6/19/2026,"250,000","250,000",0.0%,"250,000","250,000",,
Madness Enchant Scroll,28,8/8/2026,"15,000,000","3,800,000",294.7%,"41,999,999","1,900,000",,
Maelstrom Enchant Scroll,5,8/8/2026,"300,000","300,000",-14.3%,"510,000","20,000",,
Magic Elixir,24,8/7/2026,"59,999","46,714",50.8%,"75,598","31,000",,
Magic Elixir of Life,23,8/7/2026,"8,000","7,990",0.1%,"25,400","7,559",,
Magic Powder,25,8/8/2026,"7,200","9,199",-27.9%,"15,400","6,700",,
Magic Stone,16,8/7/2026,"1,444","1,444",3.1%,"49,800",800,,
Mana Dust,10,8/8/2026,"8,700","8,700",770.0%,"8,799",999,,
Mana Reformer,14,8/8/2026,"2,000","2,000",0.0%,"5,000",499,,
Mark of Friendship,3,7/8/2026,"10,000","10,000",0.0%,"10,000","10,000",,
Master Enchant Scroll,1,7/11/2026,"20,000","20,000",,"20,000","20,000",,
Meaningful Enchant Scroll,23,8/8/2026,"1,596,942","1,596,942",6.5%,"8,888,888","777,777",,
Meditating Enchant Scroll,14,7/22/2026,"1,444","10,000",-99.3%,"999,999","1,444",,
Melancholy Belt,1,7/8/2026,"9,999","9,999",,"9,999","9,999",,
Memorable Enchant Scroll,9,7/16/2026,"20,000","20,000",0.0%,"500,000","19,999",,
Merc Recovery Potion Plus,1,7/29/2026,"985,000","985,000",,"985,000","985,000",,
Milletian's Essence,2,7/8/2026,"2,555,800","1,727,900",184.0%,"2,555,800","900,000",,
Milletian's Essence: Armor,1,6/13/2026,"1,500,000","1,500,000",,"1,500,000","1,500,000",,
Milletian's Essence: Chest Armor,8,8/8/2026,"1,234,567","900,000",37.2%,"2,500,000","444,800",,
Milletian's Essence: Feet Armor,18,8/8/2026,"2,999,980","2,999,800",0.0%,"2,999,980","400,000",,
Milletian's Essence: Head Armor,3,8/8/2026,"777,777","500,000",72.8%,"777,777","400,000",,
Milletian's Essence: Leg Armor,8,8/7/2026,"1,122,800","1,122,800",-25.1%,"2,000,000","999,800",,
Milletian's Essence: Weapon,2,6/25/2026,"1,500,000","3,150,000",-68.7%,"4,800,000","1,500,000",,
Milo's Essence,13,8/7/2026,"1,800,000","1,000,000",80.0%,"2,000,000","500,800",,
Misty Summit Source,14,8/8/2026,"12,176","12,000",1.5%,"150,000","9,999",,
Monark Leaf Ring,2,6/27/2026,"50,000","50,000",0.0%,"50,000","50,000",,
Moonlight Sapphire Brooch,5,6/25/2026,"1,500,000","1,500,000",0.0%,"2,100,000","1,500,000",,
Morgant's Essence,23,8/8/2026,"6,000,000","6,000,000",0.0%,"9,700,000","400,000",,
Mysterious Shard Grade 1,19,8/7/2026,"75,000","56,353",38.5%,"88,888","30,000",,
Mysterious Shard Grade 2,20,8/7/2026,"550,000","193,000",185.0%,"550,000","163,902",,
Mysterious Shard Grade 3,20,8/8/2026,"850,000","933,333",-8.9%,"2,200,000","769,449",,
Mystic Enchant Scroll,26,8/8/2026,"72,000,000","70,000,000",2.9%,"150,000,000","53,996,738",,
Naberius's Essence,1,6/9/2026,"1,200,000","1,200,000",,"1,200,000","1,200,000",,
New Era Cloth,23,8/7/2026,"20,800","23,000",-15.0%,"49,998","20,800",,
New Era Leather,24,8/8/2026,"19,729","19,729",-12.7%,"64,999","19,300",,
New Era Orb,22,8/7/2026,"1,848","2,499",-52.6%,"9,930","1,848",,
New Era Ore,23,8/8/2026,"3,000","4,800",-40.0%,"155,555","3,000",,
New Era Remnant,15,7/29/2026,16,20,-46.7%,49,16,,
New Era Stone,21,8/7/2026,"39,800","6,128",549.5%,"39,800","3,000",,
Obsidian Kitty Necklace,22,8/8/2026,"109,000,000","111,000,000",-12.8%,"159,696,969","18,888,888",,
Orb,22,8/7/2026,"7,777","7,777",3.6%,"10,902","7,000",,
Orna's Essence,23,8/8/2026,"1,199,265","1,299,999",-7.7%,"3,000,000","150,000",,
Orna's Essence: Chest Armor,21,8/8/2026,"1,330,648","1,450,000",-16.8%,"2,523,700","1,193,000",,
Orna's Essence: Feet Armor,22,8/8/2026,"1,900,000","1,388,888",36.8%,"2,000,000","1,099,999",,
Orna's Essence: Hand Armor,23,8/8/2026,"1,450,000","1,250,000",16.0%,"1,900,000","1,139,999",,
Orna's Essence: Head Armor,18,8/7/2026,"1,600,000","1,499,998",8.4%,"2,049,997","1,137,912",,
Orna's Essence: Leg Armor,21,8/7/2026,"3,699,999","1,500,000",146.7%,"3,699,999","1,180,000",,
Orna's Essence: Weapon,21,8/8/2026,"2,800,000","1,312,533",113.3%,"3,993,000","173,128",,
Outburst Enchant Scroll,22,8/8/2026,"1,000,000","1,000,000",0.1%,"2,000,000",500,,
Paradise Orb,23,8/7/2026,"1,900","1,995",-5.0%,"6,400","1,600",,
Paradise Stone,14,8/7/2026,"5,000","9,700",-66.7%,"23,000","5,000",,
Party Revival Feather,2,7/29/2026,"49,999","74,999",-50.0%,"99,999","49,999",,
Passion Enchant Scroll,24,8/7/2026,"3,500,000","2,222,222",75.0%,"4,500,000","195,000",,
Peaceful Enchant Scroll,20,8/7/2026,"199,999","1,000,000",-80.0%,"3,000,000","10,000",,
Perfect Eriu Crystal,5,8/7/2026,"1,999,999","2,900,000",-32.2%,"6,300,000","1,999,999",,
Perfect Legacy Shard,12,8/8/2026,"888,800","2,000,000",-55.6%,"2,900,000","302,000",,
Perfect Legendary Chunk,23,8/8/2026,"1,222,800","1,222,800",0.0%,"1,333,800","200,000",,
Perfect Legendary Ore,9,7/29/2026,"100,000","1,000,000",-90.0%,"1,000,000","100,000",,
Perfect Succession Ore,22,8/8/2026,"449,999","640,000",-43.8%,"3,500,000","449,999",,
Perfect Succession Shard,3,8/8/2026,"1,000,000","1,000,000",33.3%,"1,000,000","500,000",,
Perfect Uaithne Crystal,25,8/7/2026,"3,799,999","3,114,235",27.1%,"3,799,999","2,349,373",,
Petite Enchant Scroll,12,7/11/2026,"49,415","88,500",-50.3%,"1,000,000","1,500",,
Petrify Enchant Scroll,23,8/7/2026,"900,000","986,500",-8.8%,"4,000,000",500,,
Prairie Erg Crystal,20,8/8/2026,"5,000","5,000",0.0%,"96,969","3,995",,
Praise Enchant Scroll,24,8/8/2026,"40,000,000","40,000,000",5.3%,"99,282,499","28,249,999",,
Premium Armor Enhancement Rune,2,7/16/2026,"50,000,000","47,500,000",11.1%,"50,000,000","45,000,000",,
Premium Enhancement Rune,7,7/29/2026,"80,000,000","80,000,000",-20.0%,"110,000,000","50,000,000",,
Premium Enhancement Rune+,5,6/29/2026,"69,999,990","69,999,990",0.0%,"69,999,990","69,999,990",,
Prophetic Enchant Scroll,25,8/8/2026,"9,999,999","9,999,999",2.0%,"13,333,333","1,000,000",,
Quiet Enchant Scroll,7,7/22/2026,500,"500,000",-99.9%,"999,999",500,,
Rage Erg Crystal,19,8/8/2026,"30,753","19,995",156.3%,"30,753","4,899",,
Raging Enchant Scroll,24,8/7/2026,"700,000","755,554",-30.0%,"20,000,000","250,000",,
Ragnahim's Essence,3,6/13/2026,"2,000,000","2,000,000",0.0%,"2,000,000","2,000,000",,
Rainbow Belt,1,7/11/2026,"61,500","61,500",,"61,500","61,500",,
Red Kitty Necklace,22,8/8/2026,"999,999","1,500,000",-41.2%,"3,000,000","777,777",,
Red Moon Brooch,18,8/8/2026,"3,999,999","5,000,000",-20.0%,"25,000,000","3,999,999",,
Red Pigment (Apprentice),11,8/8/2026,"10,000","12,100",-17.4%,"19,000","7,600",,
Red Pigment (Beginner),11,8/8/2026,"13,000","9,790",36.8%,"34,743","5,000",,
Red Pigment (Journeyman),11,8/8/2026,990,"2,766",-64.2%,"20,000",990,,
Red Pigment (Professional),11,8/8/2026,"12,893","13,000",-0.8%,"15,555","8,000",,
Reflection Enchant Scroll,27,8/7/2026,"27,000,000","29,986,329",-10.0%,"65,000,000","24,888,887",,
Regina's Feather: Feet Armor,1,7/29/2026,"100,000","100,000",,"100,000","100,000",,
Regina's Feather: Grand Targe,7,8/8/2026,"75,000","208,000",-63.9%,"745,000","75,000",,
Regina's Feather: Head Armor,8,8/7/2026,"50,000","200,000",-75.0%,"800,800","50,000",,
Regina's Feather: Large Shield,18,8/8/2026,"555,800","444,800",25.0%,"2,999,800","1,800",,
Regina's Feather: Leg Armor,6,7/29/2026,"207,000","207,000",-93.1%,"3,000,000","200,000",,
Regina's Feather: Shield,11,7/27/2026,"207,000","1,980,000",-89.5%,"2,219,800","200,000",,
Regina's Feather: Weapon,4,7/29/2026,"1,000,000","1,500,000",-50.0%,"5,000,000","99,800",,
Reinforced Enchant Scroll,6,7/16/2026,"20,000","100,000",-80.0%,"100,000","20,000",,
Resilient Enchant Scroll,2,7/27/2026,"5,000","10,000",-66.7%,"15,000","5,000",,
Resistant Enchant Scroll,5,7/27/2026,"10,000","100,000",-90.0%,"100,000","10,000",,
Resolved Enchant Scroll,15,8/7/2026,"250,000","350,000",-50.0%,"1,500,000","100,000",,
Revenge Enchant Scroll,27,8/8/2026,"4,900,000","3,500,000",40.0%,"45,000,000","2,222,222",,
Righteous Enchant Scroll,9,8/8/2026,"50,000","100,000",-50.0%,"1,200,000","48,000",,
Robust Eriu Crystal,24,8/8/2026,"2,999,000","2,900,000",29.6%,"3,032,931","1,211,570",,
Robust Uaithne Crystal,25,8/8/2026,"966,546","904,431",20.8%,"1,083,298","350,000",,
Roots of Abundance,20,8/8/2026,"74,444,444","74,444,444",0.0%,"100,000,000","68,000,000",,
Ruins Erg Crystal,18,8/8/2026,"3,500","4,600",-23.9%,"10,000","1,999",,
Sacred Erg Crystal,19,8/8/2026,"6,900","6,900",23.5%,"20,000","2,000",,
Salt Flower,9,8/7/2026,"6,500","6,500",0.0%,"6,500",650,,
Sanctuary Earrings,14,8/8/2026,"14,520,002","14,520,002",-3.2%,"45,228,888","10,000,000",,
Scattered Essence Box,6,8/8/2026,"5,000,000","5,000,000",1025.0%,"5,000,000","150,000",,
Seal Belt,1,7/29/2026,"50,000","50,000",,"50,000","50,000",,
Sealed Enchant Scroll,20,8/8/2026,"500,000","500,000",150.0%,"9,999,500","99,999",,
Sealed Power: Fragments,21,8/8/2026,"30,000","30,000",-3.2%,"42,800","28,000",,
Selren's Essence,2,7/27/2026,"5,000,000","6,500,000",-37.5%,"8,000,000","5,000,000",,
Semias' Essence,23,8/8/2026,"13,801,765","4,500,000",206.7%,"13,801,765","2,333,333",,
Sentinel Enchant Scroll,3,8/7/2026,"100,000","75,000",150.0%,"100,000","5,000",,
Seraphic Feathers Brooch,18,8/8/2026,"9,499,899","9,800,000",-5.0%,"14,999,999","9,499,899",,
Ship Graveyard Power Crystal,17,8/8/2026,"1,900","2,000",-24.0%,"52,999","1,900",,
Shrewd Enchant Scroll,24,8/8/2026,"7,000,000","5,000,000",100.0%,"10,000,000","1,919,372",,
Shrouded Moonlight,20,8/8/2026,"56,789,012","36,666,666",290.2%,"56,789,012","18,225",,
Shrouded Shadow,5,7/11/2026,"13,522,416","13,522,416",-13.6%,"17,777,777","13,522,416",,
Significant Enchant Scroll,25,8/8/2026,"490,000","250,000",96.0%,"3,333,333","50,000",,
Silence Erg Crystal,19,8/8/2026,"19,000","9,999",90.0%,"35,000","3,000",,
Silver Bracelet,22,8/8/2026,"35,000","100,000",-76.7%,"535,000","35,000",,
Silver Ore,13,8/8/2026,"1,500",988,51.8%,"3,445",500,,
Smooth Eriu Crystal,24,8/8/2026,"1,744,444","1,299,800",34.2%,"2,519,250","1,100,000",,
Smooth Legacy Shard,21,8/8/2026,"425,800","800,000",-57.4%,"1,500,000","200,000",,
Smooth Legendary Chunk,22,8/8/2026,"1,111,800","1,111,800",424.9%,"1,675,000","17,950",,
Smooth Legendary Ore,22,8/8/2026,"398,000","211,800",87.9%,"18,000,000","158,800",,
Smooth Legendary Shard,17,8/7/2026,"100,000","210,000",-52.4%,"400,000","92,500",,
Smooth Succession Ore,22,8/8/2026,"920,000","549,999",104.4%,"3,333,333","199,000",,
Smooth Succession Shard,16,8/8/2026,"999,800","444,800",124.8%,"1,250,000","200,000",,
Smooth Uaithne Crystal,26,8/8/2026,"653,000","653,000",8.8%,"999,110","291,983",,
Solid Eriu Crystal,24,8/8/2026,"800,000","800,000",-3.7%,"2,696,969","525,000",,
Solid Legacy Shard,19,8/8/2026,"1,111,800","1,300,000",-14.5%,"1,332,800","400,000",,
Solid Legendary Chunk,21,8/8/2026,"400,000","222,800",79.5%,"1,200,000","200,000",,
Solid Legendary Ore,21,8/8/2026,"200,000","211,800",-5.6%,"1,999,800","200,000",,
Solid Legendary Shard,22,8/8/2026,"2,000,000","2,000,000",100.0%,"2,000,000","97,950",,
Solid Succession Ore,23,8/8/2026,"999,111","799,999",24.9%,"1,499,999","185,584",,
Solid Succession Shard,10,8/7/2026,"2,500,000","999,800",150.1%,"2,500,000","222,800",,
Solid Uaithne Crystal,25,8/8/2026,"750,000","788,888",-4.9%,"1,199,900","124,000",,
Solitude Enchant Scroll,26,8/8/2026,"15,000,000","15,000,000",-5.4%,"25,000,000","1,000,000",,
Sorrowful Enchant Scroll,25,8/8/2026,"2,000,000","999,999",100.0%,"5,400,000","585,000",,
Soul Enchant Scroll,14,8/7/2026,"100,000","100,500",-0.5%,"4,444,444",500,,
Space Time Enchant Scroll,25,8/8/2026,"7,000","60,000",-91.8%,"1,999,999",221,,
Sparkling Enchant Scroll,9,8/7/2026,"100,000","50,000",100.0%,"300,000","6,969",,
Special Dungeon: Enchant Pouch,24,8/7/2026,"11,017,025","11,000,000",4.9%,"12,870,114","8,650,000",,
Spinos' Essence,23,8/8/2026,"18,888,888","9,000,000",109.9%,"18,888,888","2,222,800",,
Spirit Magic Powder,20,8/7/2026,"11,400","10,381",34.1%,"15,106","7,250",,
Spirit Remnant,21,8/8/2026,"15,876","1,200",1487.6%,"15,999",380,,
Spirit Research Volume,1,6/22/2026,700,700,,700,700,,
Spirit Water,18,8/7/2026,"2,995","2,995",19.8%,"3,634",450,,
Spirited Belt,2,6/15/2026,"5,000,000","5,000,000",0.0%,"5,000,000","5,000,000",,
Spirited Enchant Scroll,10,7/29/2026,"200,000","200,000",0.0%,"20,000,000","50,000",,
Sreng's Essence,8,7/22/2026,"20,000,000","22,222,222",-20.0%,"40,000,000","8,000,000",,
Stable Eriu Crystal,23,8/7/2026,"857,000","1,093,000",-39.5%,"2,999,999","857,000",,
Stable Legacy Shard,19,7/29/2026,"180,000","300,000",-70.0%,"2,800,000","180,000",,
Stable Legendary Chunk,16,7/29/2026,"222,800","222,800",-85.1%,"1,999,800","200,000",,
Stable Legendary Ore,8,8/8/2026,"1,000,000","500,000",100.0%,"1,000,000","190,000",,
Stable Legendary Shard,5,7/16/2026,"200,000","1,000,000",-80.0%,"9,999,999","200,000",,
Stable Succession Ore,21,8/8/2026,"650,000","433,000",50.1%,"3,200,000","280,000",,
Stable Succession Shard,4,7/27/2026,"211,800","328,300",-52.4%,"7,000,000","100,000",,
Stable Uaithne Crystal,25,8/7/2026,"3,500,000","3,200,000",12.9%,"4,770,000","2,156,038",,
Star Fruit,7,8/7/2026,"33,650","6,500",417.7%,"33,650",650,,
Starlight Belt,21,8/8/2026,"95,555,555","75,000,000",27.4%,"99,999,999","70,000,000",,
Steeping Enchant Scroll,6,8/8/2026,"40,000,000","40,000,000",-4.8%,"67,800,000","39,000,000",,
Stern Enchant Scroll,26,8/8/2026,"4,950,000","5,000,000",-1.0%,"12,500,000","2,528,984",,
Stigma Enchant Scroll,10,7/11/2026,500,"15,000",-97.5%,"50,000",500,,
Striking Enchant Scroll,3,8/7/2026,"5,000","5,000",-78.8%,"45,000","2,200",,
Stroll Enchant Scroll,9,7/16/2026,"100,000","1,500,000",-93.3%,"1,500,000","100,000",,
Strong Enchant Scroll,2,6/22/2026,500,"47,750",-99.5%,"95,000",500,,
Stylish Enchant Scroll,25,8/7/2026,"11,844,566","11,999,000",-1.3%,"19,999,999","9,488,888",,
Subdued Enchant Scroll,19,7/29/2026,"500,000","500,000",566.7%,"4,999,999","19,000",,
Superior Bracelet Diamond,20,8/7/2026,"4,500,000","4,000,000",12.5%,"7,500,000","2,000,000",,
Superior Bracelet Emerald,17,8/7/2026,"3,202,500","3,450,000",-8.5%,"6,000,000","1,500,500",,
Superior Bracelet Ruby,20,8/8/2026,"7,500,000","7,500,000",100.0%,"9,999,999","2,000,000",,
Superior Bracelet Sapphire,21,8/8/2026,"2,222,222","2,222,500",-11.1%,"4,500,000","400,000",,
Superior Cloth,19,8/7/2026,"2,999","2,999",0.1%,"8,999",900,,
Superior Element Stone,20,8/8/2026,"800,000","800,000",0.2%,"999,999","669,999",,
Superior Enhancement Elixir,23,8/8/2026,"105,000","106,324",-1.3%,"179,000","105,000",,
Superior HP Potion,13,8/8/2026,"8,999","8,999",0.0%,"14,499","5,500",,
Superior Iron Ore,22,8/8/2026,"35,023","35,023",400.7%,"66,520","2,995",,
Superior Leather,8,7/6/2026,"70,000","70,000",0.0%,"100,000","70,000",,
Sweet Chocolate,1,7/8/2026,"10,000,000","10,000,000",,"10,000,000","10,000,000",,
Tailoring Outfit Recipe Scroll: Braha Armor (Female),1,8/7/2026,"3,000,000","3,000,000",,"3,000,000","3,000,000",,
Tailoring Outfit Recipe Scroll: Braha Armor (Male),1,8/7/2026,"1,000,000","1,000,000",,"1,000,000","1,000,000",,
Tailoring Outfit Recipe Scroll: Milletian Armor (Female),1,8/7/2026,"5,000,000","5,000,000",,"5,000,000","5,000,000",,
Tailoring Outfit Recipe Scroll: Milletian Armor (Male),2,8/8/2026,"200,800","350,400",-59.8%,"500,000","200,800",,
Tailoring Outfit Recipe Scroll: Nightmare Armor (Male),2,8/8/2026,"25,000,000","25,000,000",0.0%,"25,000,000","25,000,000",,
Tailoring Outfit Recipe Scroll: Orna Armor (Male),2,8/8/2026,"500,000","500,000",0.0%,"500,000","500,000",,
Tailoring Outfit Recipe Scroll: Pirate Armor (Female),2,8/8/2026,"19,990,000","19,990,000",0.0%,"19,990,000","19,990,000",,
Tailoring Outfit Recipe Scroll: Regina Armor (Male),2,8/8/2026,"2,000,000","1,500,000",100.0%,"2,000,000","1,000,000",,
Tailoring Outfit Recipe Scroll: Royal Cadet Armor (Female),2,8/8/2026,"5,500,000","5,500,000",0.0%,"5,500,000","5,500,000",,
Tailoring Outfit Recipe Scroll: Royal Cadet Armor (Male),2,8/8/2026,"999,999","999,999",0.0%,"999,999","999,999",,
Tailoring Outfit Recipe Scroll: Swift Armor (Male),1,8/7/2026,"280,000","280,000",,"280,000","280,000",,
Tailoring Outfit Recipe Scroll: Terminus Sentinel Armor (Female),2,8/8/2026,"1,999,999","1,999,999",0.0%,"1,999,999","1,999,999",,
Tailoring Outfit Recipe Scroll: Terminus Sentinel Armor (Male),2,8/8/2026,"2,000,000","2,000,000",0.0%,"2,000,000","2,000,000",,
Tailoring Outfit Recipe Scroll: Viking Armor (Female),2,8/8/2026,"2,800,000","2,800,000",0.0%,"2,800,000","2,800,000",,
Tailoring Outfit Recipe Scroll: Viking Armor (Male),2,8/8/2026,"5,000,000","5,000,000",0.0%,"5,000,000","5,000,000",,
Tailoring Outfit Recipes Scroll: Orna Armor (Female),2,8/8/2026,"90,000","90,000",0.0%,"90,000","90,000",,
Tailoring Outit Recipe Scroll: Swift Armor (Female),1,8/7/2026,"500,000","500,000",,"500,000","500,000",,
Tailoring Recipe Scroll: Eriu Head Armor,1,8/7/2026,"2,310,000","2,310,000",,"2,310,000","2,310,000",,
Tailoring Recipe Scroll: Eriu Leg Armor,1,8/7/2026,"1,000,000","1,000,000",,"1,000,000","1,000,000",,
Tailoring Recipe Scroll: Uaithne Chest Armor,1,8/7/2026,"9,999,999","9,999,999",,"9,999,999","9,999,999",,
Tailoring Recipe Scroll: Uaithne Feet Armor,1,8/7/2026,"4,999,999","4,999,999",,"4,999,999","4,999,999",,
Tailoring Recipe Scroll: Uaithne Hand Armor,2,8/8/2026,"1,000,000","975,000",5.3%,"1,000,000","950,000",,
Tailoring Recipe Scroll: Uaithne Head Armor,2,8/8/2026,"10,000,000","10,000,000",0.0%,"10,000,000","10,000,000",,
Tarian Steel,22,8/8/2026,"2,990,000","2,900,000",3.5%,"3,500,000","2,727,200",,
Tempestuous Enchant Scroll,26,8/8/2026,"9,888,888","12,222,222",-39.9%,"25,679,626","5,350,000",,
Temporal Enchant Scroll,5,7/27/2026,"20,000","20,000",0.0%,"20,000","19,000",,
Terminus Sentinel Essence: Chest Armor,14,8/8/2026,"500,000","500,000",0.0%,"1,000,000","300,000",,
Terminus Sentinel Essence: Grand Targe,6,7/4/2026,"1,500,000","1,500,000",-25.0%,"2,000,000","1,500,000",,
Terminus Sentinel Essence: Hand Armor,8,7/27/2026,"1,500,000","777,800",92.9%,"1,500,000","444,800",,
Terminus Sentinel Essence: Head Armor,1,7/27/2026,"200,000","200,000",,"200,000","200,000",,
Terminus Sentinel Essence: Large Shield,8,7/6/2026,"499,999","499,999",-66.7%,"5,000,000","499,999",,
Terminus Sentinel Essence: Shield,17,7/27/2026,"200,000","500,000",-60.0%,"1,000,000","200,000",,
Terminus Sentinel Essence: Weapon,4,7/6/2026,"400,000","638,889",-48.6%,"777,777","400,000",,
Terra Spirit Remnant,19,8/7/2026,"1,698","1,699",-0.1%,"13,990",700,,
The Book of Legacy,4,7/11/2026,"5,000,000","7,500,000",-50.0%,"10,000,000","5,000,000",,
The Book of Orna,17,8/8/2026,"20,000,000","17,000,000",17.6%,"29,999,999","4,654,651",,
The Book of Succession,5,7/11/2026,"5,000,000","10,000,000",-50.0%,"10,000,000","5,000,000",,
The Book of Uaithne,10,7/27/2026,"65,010,000","64,999,999",62.5%,"65,610,000","30,000,000",,
The Cursed Belt,14,8/7/2026,"77,777,777","65,000,000",19.7%,"90,000,000","44,444,444",,
The Dead Enchant Scroll,21,8/8/2026,"750,000","333,333",125.0%,"4,444,444","87,878",,
The Sun's Wish,6,7/2/2026,"48,225,000","59,999,999",-29.3%,"70,000,000","48,225,000",,
The Watcher's Glowing Mysterious Cat Statue,19,8/8/2026,"73,000,000","77,989,796",-7.6%,"93,890,000","73,000,000",,
The Watcher's Glowing Succubus Fang,22,8/8/2026,"99,999,999","80,000,000",25.0%,"149,999,999","77,500,000",,
The Watcher's Glowing War Goddess Statue,24,8/8/2026,"73,000,000","75,000,000",-3.4%,"100,000,000","73,000,000",,
The Watcher's Glowing Werewolf Paw,23,8/8/2026,"99,000,000","109,003,000",-21.4%,"199,999,999","99,000,000",,
The Watcher's Mysterious Cat Statue,24,8/8/2026,"17,000,000","18,000,000",-10.5%,"40,000,000","17,000,000",,
The Watcher's Rusty Mysterious Cat Statue,23,8/8/2026,"3,500,000","3,999,999",-12.5%,"7,000,000","3,200,000",,
The Watcher's Rusty Succubus Fang,24,8/8/2026,"6,400,000","6,400,000",-0.8%,"8,888,888","1,850,000",,
The Watcher's Rusty War Goddess Statue,24,8/8/2026,"3,800,000","4,499,000",-15.6%,"8,000,000","1,900,000",,
The Watcher's Rusty Werewolf Paw,24,8/8/2026,"8,500,000","8,500,000",-5.6%,"35,555,000","6,000,000",,
The Watcher's Succubus Fang,23,8/8/2026,"24,500,000","24,698,975",-9.3%,"44,444,444","15,000,000",,
The Watcher's War Goddess Statue,24,8/8/2026,"19,000,000","28,797,894",-36.7%,"39,999,999","17,500,000",,
The Watcher's Werewolf Paw,23,8/8/2026,"35,000,000","38,000,000",-22.2%,"53,888,888","24,000,000",,
Thick Additive (Apprentice),11,8/8/2026,"6,000","9,873",-61.4%,"36,500","6,000",,
Thick Additive (Beginner),10,8/8/2026,"6,400","9,700",-36.0%,"35,000","2,002",,
Thick Additive (Journeyman),11,8/8/2026,"9,500","9,500",33.3%,"34,900","3,500",,
Thick Additive (Professional),9,8/8/2026,"8,700","8,700",0.0%,"9,949","3,333",,
Token of Quiet,16,8/8/2026,"75,000,000","75,000,000",15.4%,"140,000,000","50,000,000",,
Token of Silence,10,8/8/2026,"120,000,000","120,000,000",0.0%,"250,000,000","62,222,222",,
Tragic Enchant Scroll,26,8/8/2026,"42,399,900","38,000,000",31.7%,"44,500,000","27,000,000",,
Transcendent Enchant Scroll,24,8/8/2026,"14,000,000","14,000,000",7.7%,"35,000,000","1,999,999",,
Trial Enchant Scroll,25,8/8/2026,"25,000,000","25,000,000",0.0%,"76,000,000","18,000,000",,
Tricky Enchant Scroll,10,7/29/2026,"25,000","25,000",-50.0%,"100,000","5,000",,
Truth Enchant Scroll,19,8/8/2026,"777,777","777,777",55.6%,"4,444,444","50,000",,
Tutelary Enchant Scroll,3,7/4/2026,"100,000","100,000",99.0%,"100,000",500,,
Twilight Desert Source,17,8/8/2026,"5,033","5,033",0.0%,"18,500","4,000",,
Twilight Erg Crystal,20,8/8/2026,"18,000","4,000",350.0%,"45,000",900,,
Twisted Enchant Scroll,18,7/29/2026,"10,000,000","13,500,000",-33.3%,"17,000,000","5,000,000",,
Uaithne Advancement Stone: Chest Armor,18,8/8/2026,"55,555,555","55,555,555",0.0%,"55,555,555","55,555,555",,
Uaithne Advancement Stone: Feet Armor,18,8/8/2026,"55,555,555","55,555,555",0.0%,"55,555,555","55,555,555",,
Uaithne Advancement Stone: Hand Armor,17,8/8/2026,"55,555,555","55,555,555",0.0%,"55,555,555","55,555,555",,
Uaithne Advancement Stone: Head Armor,18,8/8/2026,"55,555,555","55,555,555",0.0%,"55,555,555","55,555,555",,
Uaithne Advancement Stone: Leg Armor,18,8/8/2026,"55,555,555","55,555,555",0.0%,"55,555,555","55,555,555",,
Uaithne Advancement Stone: Weapon,18,8/8/2026,"88,888,888","88,888,888",0.0%,"88,888,888","88,888,888",,
Uaithne Crystal,23,8/8/2026,"17,099,999","17,400,000",-1.7%,"19,942,449","15,999,999",,
Uaithne Fragment: Auxiliary Equipment,25,8/8/2026,"1,999,000","1,999,000",108.2%,"3,000,000","100,000",,
Uaithne Fragment: Chest Armor,24,8/8/2026,"3,922,900","3,222,222",21.7%,"5,400,000","2,400,000",,
Uaithne Fragment: Feet Armor,26,8/8/2026,"3,263,857","2,750,000",18.7%,"3,839,520","29,108",,
Uaithne Fragment: Hand Armor,22,2026-08-08,"3,497,171","3,497,171",2.9%,"5,499,999","200,000",,
Uaithne Fragment: Head Armor,21,2026-08-07,"3,650,000","3,650,000",4.3%,"4,850,000","2,350,000",,
Uaithne Fragment: Leg Armor,26,2026-08-08,"2,660,248","2,399,000",10.9%,"3,199,999","1,788,888",,
Uaithne Fragment: The Cursed Belt,25,2026-08-08,"7,800,000","7,900,000",-1.3%,"10,750,000","3,200,000",,
Uaithne Fragment: The Sun's Wish,23,2026-08-08,"6,900,000","7,750,000",-11.0%,"9,999,996","1,000,000",,
Uaithne Fragment: Token of Quiet,24,2026-08-08,"19,678,910","9,000,000",146.0%,"19,696,969","6,000,000",,
Uaithne Fragment: Token of Silence,25,2026-08-08,"7,238,475","7,400,000",-2.2%,"14,999,000","4,999,999",,
Uaithne Fragment: Weapon,23,2026-08-08,"3,280,000","3,280,000",13.6%,"4,100,000","2,200,000",,
Uaithne Remnant,20,2026-08-08,"1,999","2,491",-19.8%,"3,488",745,,
Unknowable Power: Fragments,21,2026-08-08,"158,888","170,000",-21.0%,"215,000","16,767",,
Unrelenting Eriu Crystal,6,2026-08-08,"3,500,000","3,500,000",6.1%,"3,686,625","3,095,651",,
Unrelenting Uaithne Crystal,25,2026-08-08,"927,991","828,888",12.0%,"1,000,000","399,999",,
Unstable Enhancement Rune,23,2026-08-08,"7,400,000","7,400,000",-2.6%,"10,000,000","5,100,000",,
Uscias' Essence,22,2026-08-08,"3,474,043","4,074,000",-14.7%,"5,000,000","1,500,000",,
Usurper's Rhod Compass,21,2026-08-08,"9,950,000","9,950,000",10.6%,"10,000,000","7,300,000",,
Usurper's Rusty Rhod Compass,23,2026-08-08,"5,000,000","4,800,000",12.5%,"5,000,000","2,200,000",,
Usurper's Shiny Rhod Compass,22,2026-08-08,"18,800,000","18,000,000",6.2%,"20,000,000","7,000,000",,
Valor Enchant Scroll,15,2026-08-08,"3,333,333","500,000",2122.2%,"4,500,000","100,000",,
Vampire Spell Book,1,2026-06-15,"1,500","1,500",,"1,500","1,500",,
Vehement Enchant Scroll,23,2026-08-08,"800,000","800,000",0.0%,"5,000,000","130,500",,
Veiled Enchant Scroll,26,2026-08-08,"21,000,000","21,000,000",-12.1%,"88,888,888","14,896,408",,
Victorious Enchant Scroll,24,2026-08-08,"5,000,000","5,500,000",-28.6%,"30,000,000","1,900,000",,
Waking Stone: Breakoff DMG +10%,1,2026-07-02,"24,994","24,994",,"24,994","24,994",,
Waking Stone: Breakoff DMG +8%,9,2026-08-08,998,998,0.0%,"80,000",399,,
Waking Stone: Cooldown (4 sec),4,2026-07-22,400,"3,098",-92.0%,"100,000",400,,
Waking Stone: Cooldown (5 sec),11,2026-08-07,"300,300","100,000",305.8%,"300,300","44,470",,
Waking Stone: Damage Boost (10%),13,2026-08-08,"850,000","875,000",-9.1%,"1,888,888","681,000",,
Waking Stone: Damage Boost (12%),6,2026-08-08,"189,999,999","240,000,000",-22.3%,"299,999,000","189,999,999",,
Waking Stone: Damage Boost (8%),11,2026-08-08,800,788,1.5%,"1,000",400,,
Waking Stone: Efficient SP (60),9,2026-08-08,800,388,106.2%,"25,000",388,,
Waking Stone: Efficient SP (70),13,2026-08-08,"200,000","200,000",-10.0%,"299,999","25,000",,
Waking Stone: Efficient SP (80),12,2026-08-08,"100,000,000","100,000,000",900.0%,"150,000,000","7,000,000",,
Waking Stone: Efficient Stamina (4),5,2026-08-08,"1,000","1,000",53.8%,"3,000",300,,
Waking Stone: Efficient Stamina (5),12,2026-08-08,"15,555","38,995",-63.0%,"69,999","15,555",,
Waking Stone: Efficient Stamina (6),4,2026-08-08,"15,000,000","8,150,000",1053.8%,"15,000,000","999,999",,
Waking Stone: Major Cooldown (20 sec),10,2026-08-08,300,399,-76.9%,"297,000",299,,
Waking Stone: Major Cooldown (22 sec),10,2026-08-07,"39,995","40,000",-12.2%,"99,999","19,999",,
Wandering Enchant Scroll,6,2026-08-08,"35,000,000","35,000,000",-23.9%,"109,000,000","31,000,000",,
Warlord's Enchant Scroll,13,2026-08-07,"444,444","69,420",1677.8%,"666,666","5,000",,
Water Erg Crystal,20,2026-08-08,"11,000","11,000",41.0%,"96,969","5,555",,
Wave Enchant Scroll,27,2026-08-08,"40,000,000","37,000,000",17.6%,"55,000,000","27,777,777",,
Weaponsmithing Recipe Scroll: Eriu Weapon,1,2026-08-07,"5,000,800","5,000,800",,"5,000,800","5,000,800",,
Weeping Enchant Scroll,18,2026-08-07,"55,500","1,000,000",-94.4%,"5,500,000",500,,
Well-Balanced Enchant Scroll,14,2026-08-07,"4,444,444","200,000",4344.4%,"4,444,444","25,000",,
White Kitty Brooch,21,2026-08-08,"1,688,888","1,688,888",68.9%,"2,999,999","122,100",,
White Kitty Necklace,21,2026-08-08,"188,888","495,000",-61.8%,"6,666,666","150,000",,
Wish Enchant Scroll,22,2026-08-07,"1,261,322","1,303,366",-24.9%,"7,767,000","300,000",,
Withered Enchant Scroll,25,2026-08-08,"20,000,000","20,000,000",-4.8%,"38,888,888","16,000,000",,
Yellow Pigment (Apprentice),11,2026-08-08,"6,000","6,000",-8.0%,"15,857","4,999",,
Yellow Pigment (Beginner),11,2026-08-08,"1,000","5,125",-80.5%,"34,587","1,000",,
Yellow Pigment (Journeyman),11,2026-08-08,"25,000","9,900",262.3%,"25,950","2,700",,
Yellow Pigment (Professional),11,2026-08-08,"2,444","2,500",-2.2%,"34,449",449,,
Yoke of Mortality,4,2026-08-07,"111,111,111","132,500,000",-25.9%,"180,000,000","111,111,111",,
